r_mm,requested,I_50mm_after_L2,I_75mm_after_L2,I_100mm_after_L2,I_150mm_after_L2,I_200mm_after_L2,I_300mm_after_L2,I_500mm_after_L2,I_750mm_after_L2,I_1000mm_after_L2
3.695061613690273083e-02,9.982915170247389502e-01,9.218404256883020453e-01,9.218450999837789483e-01,9.218497658744094769e-01,9.218590704701083993e-01,9.218683353298050553e-01,9.218867285769439812e-01,9.219228394503180546e-01,9.219662900705758446e-01,9.220071952769499646e-01
1.108518484107081925e-01,9.981876528624527012e-01,9.218682107108303603e-01,9.218728136427548625e-01,9.218774078846758702e-01,9.218865683639599906e-01,9.218956880697981582e-01,9.219137881689581926e-01,9.219493033672642168e-01,9.219919981317504787e-01,9.220321448242558837e-01
1.847530806845136542e-01,9.980774866244371823e-01,9.218959957333586752e-01,9.219005273017307767e-01,9.219050498949421524e-01,9.219140662578114709e-01,9.219230408097913720e-01,9.219408477609725150e-01,9.219757672842104901e-01,9.220177061929252238e-01,9.220570943715618029e-01
2.586543129583191436e-01,9.979606374481028164e-01,9.219237807558871012e-01,9.219282409607065798e-01,9.219326919052085456e-01,9.219415641516630622e-01,9.219503935497844749e-01,9.219679073529867264e-01,9.220022312011566523e-01,9.220434142540998579e-01,9.220820439188677220e-01
3.325555452321246053e-01,9.978367016443379089e-01,9.219515657784154161e-01,9.219559546196824940e-01,9.219603339154749388e-01,9.219690620455146535e-01,9.219777462897775777e-01,9.219949669450009377e-01,9.220286951181029256e-01,9.220691223152744920e-01,9.221069934661736411e-01
4.064567775059300669e-01,9.977052513533224420e-01,9.219793508009437311e-01,9.219836682786584081e-01,9.219879759257412211e-01,9.219965599393661337e-01,9.220050990297707916e-01,9.220220265370152601e-01,9.220551590350490878e-01,9.220948303764492371e-01,9.221319430134795603e-01
4.803580097797355286e-01,9.975658331241950005e-01,9.220071358234720460e-01,9.220113819376343223e-01,9.220156179360076143e-01,9.220240578332177250e-01,9.220324517697638944e-01,9.220490861290294715e-01,9.220816229519953611e-01,9.221205384376238712e-01,9.221568925607854794e-01
5.542592420535409348e-01,9.974179664146303192e-01,9.220702598079724144e-01,9.220743989643218619e-01,9.220785278641556726e-01,9.220867531903451653e-01,9.220949321538685073e-01,9.221111358484096465e-01,9.221428119184839067e-01,9.221806636428870885e-01,9.222159846247335313e-01
6.281604743273464520e-01,9.972611420062506005e-01,9.221333837924727828e-01,9.221374159910094015e-01,9.221414377923037309e-01,9.221494485474726055e-01,9.221574125379731202e-01,9.221731855677897105e-01,9.222040008849723414e-01,9.222407888481503058e-01,9.222750766886815832e-01
7.020617066011518581e-01,9.970948203316247760e-01,9.221965077769731511e-01,9.222004330176969411e-01,9.222043477204517892e-01,9.222121439046000457e-01,9.222198929220777330e-01,9.222352352871698855e-01,9.222651898514608870e-01,9.223009140534135231e-01,9.223341687526296351e-01
7.759629388749573753e-01,9.969184297084706659e-01,9.223070485569394572e-01,9.223108852291881377e-01,9.223147120102228591e-01,9.223223343593291990e-01,9.223299123399705257e-01,9.223449215954664382e-01,9.223742501172071950e-01,9.224092806380824738e-01,9.224419611258080076e-01
8.498641711487627814e-01,9.967313644765233294e-01,9.224175893369056523e-01,9.224213374406793342e-01,9.224250762999939290e-01,9.224325248140582412e-01,9.224399317578633184e-01,9.224546079037629909e-01,9.224833103829533920e-01,9.225176472227513136e-01,9.225497534989862691e-01
9.237654034225684097e-01,9.965329830323954585e-01,9.225281301168719583e-01,9.225317896521705308e-01,9.225354405897649990e-01,9.225427152687873944e-01,9.225499511757561111e-01,9.225642942120595436e-01,9.225923706486997000e-01,9.226260138074202644e-01,9.226575458721646417e-01
9.976666356963737048e-01,9.963226057576181072e-01,9.226386708968381534e-01,9.226422418636617273e-01,9.226458048795360689e-01,9.226529057235164366e-01,9.226599705936489038e-01,9.226739805203560962e-01,9.227014309144458970e-01,9.227343803920891041e-01,9.227653382453429032e-01
1.071567867970179000e+00,9.960995128349312555e-01,9.228972911248984889e-01,9.229007959296433583e-01,9.229042951987660448e-01,9.229112758837008101e-01,9.229182305603735870e-01,9.229320508815459512e-01,9.229592515380946605e-01,9.229921516385721780e-01,9.230233827400724511e-01
1.145469100243984739e+00,9.958629419477796896e-01,9.231240999680545567e-01,9.231276465753699423e-01,9.231311904052876827e-01,9.231382685314086789e-01,9.231453318393409990e-01,9.231594034188622677e-01,9.231872457424256107e-01,9.232212187695104655e-01,9.232538386083051218e-01
1.219370332517790256e+00,9.956120858578760835e-01,9.233509088112105134e-01,9.233544972210965263e-01,9.233580856118092095e-01,9.233652611791165477e-01,9.233724331183084111e-01,9.233867559561785843e-01,9.234152399467564498e-01,9.234502859004487529e-01,9.234842944765376815e-01
1.293271564791595774e+00,9.953460898556143466e-01,9.235777176543665812e-01,9.235813478668231102e-01,9.235849808183308474e-01,9.235922538268244164e-01,9.235995343972758231e-01,9.236141084934949008e-01,9.236432341510874000e-01,9.236793530313870404e-01,9.237147503447703523e-01
1.367172797065400847e+00,9.950640490780643388e-01,9.238045264975225379e-01,9.238081985125496942e-01,9.238118760248523742e-01,9.238192464745322852e-01,9.238266356762432352e-01,9.238414610308112174e-01,9.238712283554182392e-01,9.239084201623253279e-01,9.239452062130029120e-01
1.441074029339206586e+00,9.947650056892534121e-01,9.239707550956914872e-01,9.239745212785925865e-01,9.239782956244355638e-01,9.239858677732435410e-01,9.239934694156999306e-01,9.240087520696094181e-01,9.240395650074630929e-01,9.240783134375996077e-01,9.241169392353945078e-01
1.514975261613012103e+00,9.944479459174453417e-01,9.241369836938604365e-01,9.241408440446354788e-01,9.241447152240187535e-01,9.241524890719547969e-01,9.241603031551566261e-01,9.241760431084076188e-01,9.242079016595079466e-01,9.242482067128738876e-01,9.242886722577861036e-01
1.588876493886817620e+00,9.941117969441685132e-01,9.245070737538725325e-01,9.245111088981525782e-01,9.245151594642702086e-01,9.245233059299931000e-01,9.245315111007306186e-01,9.245480888671999686e-01,9.245818468413129487e-01,9.246249497653038496e-01,9.246686896184210802e-01
1.662777726160622693e+00,9.937554236398391527e-01,9.249159491684796341e-01,9.249202085536204487e-01,9.249244882743079543e-01,9.249331077861061567e-01,9.249418056577592973e-01,9.249594277965066391e-01,9.249955104773933678e-01,9.250419617096131697e-01,9.250895412019959352e-01
1.736678958434428433e+00,9.933776251409628388e-01,9.253248245830866248e-01,9.253293082090884303e-01,9.253338170843457000e-01,9.253429096422193245e-01,9.253521002147880870e-01,9.253707667258134206e-01,9.254091741134738980e-01,9.254589736539226008e-01,9.255103927855707902e-01
1.810580190708233950e+00,9.929771312640921499e-01,9.257336999976937264e-01,9.257384078645563008e-01,9.257431458943834457e-01,9.257527114983323813e-01,9.257623947718167656e-01,9.257821056551200911e-01,9.258228377495543171e-01,9.258759855982319209e-01,9.259312443691456451e-01
1.884481422982039467e+00,9.925525987519955295e-01,9.264148997754690917e-01,9.264200476957804575e-01,9.264252339531759972e-01,9.264357204993669548e-01,9.264463573018679732e-01,9.264680726745648798e-01,9.265132009870558072e-01,9.265725622147646945e-01,9.266348192842963627e-01
1.958382655255844540e+00,9.921026073478329543e-01,9.270960995532444571e-01,9.271016875270046143e-01,9.271073220119685487e-01,9.271187295004015283e-01,9.271303198319191807e-01,9.271540396940096684e-01,9.272035642245572973e-01,9.272691388312974681e-01,9.273383941994470803e-01
2.032283887529650279e+00,9.916256556935663102e-01,9.275943852257233502e-01,9.276002254005986103e-01,9.276061164702307238e-01,9.276180502517146209e-01,9.276301842947995979e-01,9.276550435827779495e-01,9.277070530319875274e-01,9.277761135242998947e-01,9.278492669407611970e-01
2.106185119803455574e+00,9.911201570493797242e-01,9.281225448705328063e-01,9.281285683408810883e-01,9.281346458268604493e-01,9.281469617830175878e-01,9.281594904400307655e-01,9.281851760390562589e-01,9.282389849524470549e-01,9.283105656399488481e-01,9.283865336179761840e-01
2.180086352077260869e+00,9.905844348315259174e-01,9.291688351288636127e-01,9.291754057372489939e-01,9.291820392628080683e-01,9.291954939315676398e-01,9.292091966117528301e-01,9.292373354877767611e-01,9.292964662348053295e-01,9.293754598413013213e-01,9.294596579844371931e-01
2.253987584351066609e+00,9.900167179668045714e-01,9.299322599634091135e-01,9.299391105617381692e-01,9.299460282200221473e-01,9.299600635134838145e-01,9.299743631991101989e-01,9.300037447020866876e-01,9.300655512567028715e-01,9.301482346693209502e-01,9.302364871575097283e-01
2.327888816624871904e+00,9.894151360628050673e-01,9.306956847979546144e-01,9.307028153862274555e-01,9.307100171772362263e-01,9.307246330953998781e-01,9.307395297864676786e-01,9.307701539163965032e-01,9.308346362786005246e-01,9.309210094973404681e-01,9.310133163305823745e-01
2.401790048898677643e+00,9.887777143941339775e-01,9.314591096325002262e-01,9.314665202107166309e-01,9.314740061344504163e-01,9.314892026773160527e-01,9.315046963738250474e-01,9.315365631307064298e-01,9.316037213004980666e-01,9.316937843253600970e-01,9.317901455036549097e-01
2.475691281172483382e+00,9.881023687061262217e-01,9.322225344670457270e-01,9.322302250352059172e-01,9.322379950916644953e-01,9.322537722592322273e-01,9.322698629611825272e-01,9.323029723450162454e-01,9.323728063223957196e-01,9.324665591533797260e-01,9.325669746767275559e-01
2.549592513446288677e+00,9.873868998390201712e-01,9.332956136426541205e-01,9.333035185005223999e-01,9.333115055000636984e-01,9.333277244478799251e-01,9.333442673238533382e-01,9.333783116307184935e-01,9.334501332261156969e-01,9.335465770256636819e-01,9.336498907965490313e-01
2.623493745720093973e+00,9.866289881772736248e-01,9.343686928182624030e-01,9.343768119658388827e-01,9.343850159084627904e-01,9.344016766365275117e-01,9.344186716865241493e-01,9.344536509164207416e-01,9.345274601298356743e-01,9.346265948979475269e-01,9.347328069163705067e-01
2.697394977993899712e+00,9.858261879306667863e-01,9.352803000732352601e-01,9.352884690975562521e-01,9.352967231375766133e-01,9.353134846925010848e-01,9.353305813415699888e-01,9.353657657207818943e-01,9.354399904309200764e-01,9.355396459867728609e-01,9.356463672366048812e-01
2.771296210267704563e+00,9.849759212560614818e-01,9.361919073282081172e-01,9.362001262292736214e-01,9.362084303666904361e-01,9.362252927484746579e-01,9.362424909966158282e-01,9.362778805251430470e-01,9.363525207320044785e-01,9.364526970755981949e-01,9.365599275568392557e-01
2.845197442541510302e+00,9.840754722312289315e-01,9.373922723705785387e-01,9.374005271746401746e-01,9.374088668034890048e-01,9.374257988320309209e-01,9.374430648182006109e-01,9.374785835771994869e-01,9.375534528958837654e-01,9.376538469606749970e-01,9.377611975517776699e-01
2.919098674815315597e+00,9.831219806950336482e-01,9.385740312712442801e-01,9.385822884147358991e-01,9.385906291672654334e-01,9.386075597643070978e-01,9.386248192647848043e-01,9.386603092550238614e-01,9.387350533037661648e-01,9.388351490997912663e-01,9.389420216392245777e-01
2.992999907089121336e+00,9.821124359714915597e-01,9.391677597570460279e-01,9.391759438830344919e-01,9.391842101274310295e-01,9.392009872120450353e-01,9.392180871685162913e-01,9.392532398447492881e-01,9.393272353066777214e-01,9.394262531848678321e-01,9.395318843161533096e-01
3.066901139362927076e+00,9.810436704988590995e-01,9.401828428105614144e-01,9.401908369168503476e-01,9.401989097136711493e-01,9.402152895820532486e-01,9.402319785428372434e-01,9.402662676934205876e-01,9.403383686373349981e-01,9.404346999879367175e-01,9.405372836324525920e-01
3.140802371636732371e+00,9.799123533889696480e-01,9.411979258640768009e-01,9.412057299506662034e-01,9.412136092999112691e-01,9.412295919520614618e-01,9.412458699171581955e-01,9.412792955420918872e-01,9.413495019679922748e-01,9.414431467910056028e-01,9.415426829487518745e-01
3.214703603910537666e+00,9.787149839465589807e-01,9.424251500539422288e-01,9.424326178381714492e-01,9.424401551271719413e-01,9.424554363846460170e-01,9.424709898921812545e-01,9.425028972972411268e-01,9.425697892271691636e-01,9.426587667693837602e-01,9.427530487568684947e-01
3.288604836184343405e+00,9.774478851833379167e-01,9.436523742438076567e-01,9.436595057256766950e-01,9.436667009544326135e-01,9.436812808172305722e-01,9.436961098672043136e-01,9.437264990523903663e-01,9.437900764863460523e-01,9.438743867477619176e-01,9.439634145649851149e-01
3.362506068458148256e+00,9.761071973671219260e-01,9.446493169487926167e-01,9.446560604796943039e-01,9.446628614678518332e-01,9.446766340050309907e-01,9.446906306276225962e-01,9.447192798130119584e-01,9.447790775682003428e-01,9.448581045565465075e-01,9.449412334941138525e-01
3.436407300731953995e+00,9.746888716524244600e-01,9.456462596537775767e-01,9.456526152337119129e-01,9.456590219812710529e-01,9.456719871928314092e-01,9.456851513880408788e-01,9.457120605736335506e-01,9.457680786500546333e-01,9.458418223653310974e-01,9.459190524232425901e-01
3.510308533005759291e+00,9.731886638456189731e-01,9.461151874597106826e-01,9.461213471714463585e-01,9.461275552544302636e-01,9.461401147150377833e-01,9.461528619568019272e-01,9.461789036770061889e-01,9.462330531010275658e-01,9.463042118423766746e-01,9.463785827880926149e-01
3.584209765279565030e+00,9.716021283650715379e-01,9.472218502665441520e-01,9.472274891416461173e-01,9.472331687579451653e-01,9.472446484427283764e-01,9.472562855285211469e-01,9.472800160877721254e-01,9.473291825524867704e-01,9.473934450571483978e-01,9.474601923044669860e-01
3.658110997553370769e+00,9.699246124645746203e-01,9.482758592120212882e-01,9.482809165061532042e-01,9.482860065430864793e-01,9.482962831526764447e-01,9.483066854073811669e-01,9.483278517091866533e-01,9.483715163922372682e-01,9.484282186522303704e-01,9.484866741884028229e-01
3.732012229827176064e+00,9.681512507969964876e-01,9.493298681574984244e-01,9.493343438706602910e-01,9.493388443282277933e-01,9.493479178626245130e-01,9.493570852862411869e-01,9.493756873306011812e-01,9.494138502319877659e-01,9.494629922473123429e-01,9.495131560723386599e-01
3.805913462100981359e+00,9.662769604042668048e-01,9.498026366192924286e-01,9.498068397964747334e-01,9.498110645347459524e-01,9.498195771288404643e-01,9.498281710461622396e-01,9.498455888544832248e-01,9.498812379196053257e-01,9.499269770459193296e-01,9.499734679448916808e-01
3.879814694374786654e+00,9.642964362296884140e-01,9.502754050810864328e-01,9.502793357222891757e-01,9.502832847412641115e-01,9.502912363950564156e-01,9.502992568060832923e-01,9.503154903783652685e-01,9.503486256072228855e-01,9.503909618445263163e-01,9.504337798174447016e-01
3.953715926648591950e+00,9.622041472590314726e-01,9.512411875180873944e-01,9.512443917877447808e-01,9.512476062484666040e-01,9.512540644238101084e-01,9.512605592122624909e-01,9.512736468085407626e-01,9.513001239936784703e-01,9.513334930145361801e-01,9.513666946433275706e-01
4.027617158922397245e+00,9.599943334079249491e-01,9.518620765517944449e-01,9.518648166686460854e-01,9.518675632484594473e-01,9.518730746271515386e-01,9.518786082071599708e-01,9.518897316313292833e-01,9.519121249538962104e-01,9.519401345749223253e-01,9.519677535384403200e-01
4.101518391196202984e+00,9.576610032846282206e-01,9.521550931331344003e-01,9.521576364057698916e-01,9.521601863249002928e-01,9.521653050737851620e-01,9.521704471725545016e-01,9.521807922335607799e-01,9.522016558980563872e-01,9.522278325692881129e-01,9.522537518912332910e-01
4.175419623470008723e+00,9.551979329692807941e-01,9.524481097144743558e-01,9.524504561428935867e-01,9.524528094013410273e-01,9.524575355204186744e-01,9.524622861379489214e-01,9.524718528357922764e-01,9.524911868422165639e-01,9.525155305636540115e-01,9.525397502440261510e-01
4.249320855743814462e+00,9.525986659630640840e-01,9.525532888464347536e-01,9.525555926994080380e-01,9.525579049148298338e-01,9.525625536101500757e-01,9.525672331557117900e-01,9.525766774238348944e-01,9.525958503759284213e-01,9.526201664828271021e-01,9.526445775870548971e-01
4.323222088017620202e+00,9.498565144732370458e-01,9.525655977007563280e-01,9.525678589278427921e-01,9.525701329595648303e-01,9.525747187839037622e-01,9.525793537344053874e-01,9.525887651146316415e-01,9.526081083492865531e-01,9.526331147176332337e-01,9.526588010818368701e-01
4.397123320291425053e+00,9.469645622125378859e-01,9.525779065550779023e-01,9.525801251562775462e-01,9.525823610042998268e-01,9.525868839576574487e-01,9.525914743130989848e-01,9.526008528054283886e-01,9.526203663226446849e-01,9.526460629524393653e-01,9.526730245766188432e-01
4.471024552565229904e+00,9.439156689037682124e-01,9.524400231221221702e-01,9.524422370374523439e-01,9.524444708372072910e-01,9.524489976989679585e-01,9.524536028196758375e-01,9.524630439285625139e-01,9.524828202306873104e-01,9.525091194423822571e-01,9.525370131102638416e-01
4.544925784839035643e+00,9.407024766922205128e-01,9.521157860997853106e-01,9.521183169704521276e-01,9.521208795527975610e-01,9.521260995796527737e-01,9.521314455558460565e-01,9.521425127154827805e-01,9.521661271664392245e-01,9.521983505877571474e-01,9.522334622111845448e-01
4.618827017112841382e+00,9.373174186796633389e-01,9.514535043412735149e-01,9.514565348243735343e-01,9.514596130250225769e-01,9.514659124081106256e-01,9.514724020838229990e-01,9.514859505647450533e-01,9.515153100803814823e-01,9.515562023522647905e-01,9.516016651437766427e-01
4.692728249386647121e+00,9.337527298034913326e-01,9.512077989967622216e-01,9.512109256656131606e-01,9.512141030990122204e-01,9.512206101218794174e-01,9.512273196886837923e-01,9.512413448391043858e-01,9.512718062485703285e-01,9.513143573065931946e-01,9.513617956850310975e-01
4.766629481660452861e+00,9.300004602929481390e-01,9.501838544049832080e-01,9.501876581001210686e-01,9.501915303285255465e-01,9.501994802120397043e-01,9.502077036363681950e-01,9.502249692928543823e-01,9.502627609812677179e-01,9.503160597648978580e-01,9.503759917660872247e-01
4.840530713934257712e+00,9.260524919405671573e-01,9.491599098132041945e-01,9.491643905346288657e-01,9.491689575580389837e-01,9.491783503022001023e-01,9.491880875840527088e-01,9.492085937466043788e-01,9.492537157139651072e-01,9.493177622232025215e-01,9.493901878471433520e-01
4.914431946208063451e+00,9.219005574305727535e-01,9.479945539317583547e-01,9.479996541059761972e-01,9.480048550841303490e-01,9.480155591689992667e-01,9.480266655125575426e-01,9.480500821311779180e-01,9.481017074103619269e-01,9.481751394072773786e-01,9.482583072277777081e-01
4.988333178481869190e+00,9.175362629663673664e-01,9.464402888421545867e-01,9.464461597373627910e-01,9.464521485253811761e-01,9.464644793185073013e-01,9.464772801711092143e-01,9.465042876220053358e-01,9.465638896533334901e-01,9.466487426483780609e-01,9.467448753694327479e-01
5.062234410755674929e+00,9.129511144357135288e-01,9.455555848519665574e-01,9.455619206345176053e-01,9.455683848984648421e-01,9.455816982022469119e-01,9.455955234337878323e-01,9.456247038672103145e-01,9.456891389292039207e-01,9.457809134101751170e-01,9.458848918754938495e-01
5.136135643029479780e+00,9.081365473440885516e-01,9.439689102796648967e-01,9.439758626146428355e-01,9.439829556435981317e-01,9.439975629856220962e-01,9.440127304722452095e-01,9.440447381995369369e-01,9.441153842901002236e-01,9.442159173170949771e-01,9.443296810278098974e-01
5.210036875303284631e+00,9.030839607332076246e-01,9.417438527234125445e-01,9.417515937009000027e-01,9.417594915190505844e-01,9.417757564237376755e-01,9.417926448050621957e-01,9.418282808946685236e-01,9.419069041368288708e-01,9.420186748068744009e-01,9.421449478190027094e-01
5.283938107577090371e+00,8.977847552820711341e-01,9.397887030989906521e-01,9.397969476989160853e-01,9.398053572672608880e-01,9.398226698030214266e-01,9.398406374870944546e-01,9.398785246831806717e-01,9.399620013093041848e-01,9.400804356466636591e-01,9.402139370025395237e-01
5.357839339850896110e+00,8.922303757613205821e-01,9.391549502601677091e-01,9.391633415932574280e-01,9.391719008411598679e-01,9.391895214305634454e-01,9.392078085670050314e-01,9.392463678388054404e-01,9.393313134328451497e-01,9.394517926783265693e-01,9.395875311254400231e-01
5.431740572124701849e+00,8.864123579774108030e-01,9.357151530230632952e-01,9.357241284159935057e-01,9.357332786075810427e-01,9.357521012899260304e-01,9.357716166273254421e-01,9.358127064658580130e-01,9.359029787354984364e-01,9.360305128877163261e-01,9.361735856299778780e-01
5.505641804398507588e+00,8.803223803003764614e-01,9.330983008139703827e-01,9.331075095217187254e-01,9.331168948670409691e-01,9.331361929862147520e-01,9.331561899605382848e-01,9.331982584905880174e-01,9.332905259751491656e-01,9.334205483636743850e-01,9.335659831272451470e-01
5.579543036672312439e+00,8.739523198171716967e-01,9.305629556319559015e-01,9.305722113061563050e-01,9.305816420401384903e-01,9.306010258651440381e-01,9.306211012468423860e-01,9.306633020436976267e-01,9.307557155748185096e-01,9.308856339838627036e-01,9.310305472451858577e-01
5.653444268946117290e+00,8.672943130911209275e-01,9.287309510762042919e-01,9.287402243445157524e-01,9.287496696708643640e-01,9.287690735334024339e-01,9.287891564335097883e-01,9.288313331355979585e-01,9.289235305299570200e-01,9.290528267163473686e-01,9.291966687260178048e-01
5.727345501219923030e+00,8.603408214366425888e-01,9.227988399265356634e-01,9.228077137333485780e-01,9.228167430432989704e-01,9.228352647296489408e-01,9.228543978005561144e-01,9.228944681173558706e-01,9.229815972139974178e-01,9.231028638306142398e-01,9.232366570267984685e-01
5.801246733493728769e+00,8.530847005368820124e-01,9.217425892124850861e-01,9.217513903244665130e-01,9.217603431951602033e-01,9.217787007101847507e-01,9.217976544936590244e-01,9.218373202695673285e-01,9.219234526619928261e-01,9.220431097642105556e-01,9.221748711005446353e-01
5.875147965767534508e+00,8.455192741404335965e-01,9.170040332659112892e-01,9.170121266197511778e-01,9.170203508073139220e-01,9.170371880793852792e-01,9.170545376024382689e-01,9.170907419740039757e-01,9.171689340716159267e-01,9.172767409223493429e-01,9.173944915220759722e-01
5.949049198041340247e+00,8.376384114723600671e-01,9.122654773193374922e-01,9.122728629150357316e-01,9.122803584194676407e-01,9.122956754485856967e-01,9.123114207112175134e-01,9.123441636784406228e-01,9.124144154812390273e-01,9.125103720804881302e-01,9.126141119436071980e-01
6.022950430315145098e+00,8.294366078851235224e-01,9.079083655756043925e-01,9.079149447040997245e-01,9.079216119963255949e-01,9.079352074333364442e-01,9.079491443286755725e-01,9.079780107425179381e-01,9.080394749385689579e-01,9.081225244123025675e-01,9.082112523922951652e-01
6.096851662588950838e+00,8.209090681581308058e-01,9.017185038289454724e-01,9.017238985428264186e-01,9.017293497819522941e-01,9.017404184000454848e-01,9.017517025771724093e-01,9.017748876958506798e-01,9.018235005778123536e-01,9.018877451038207482e-01,9.019547094777919938e-01
6.170752894862756577e+00,8.120517917321503631e-01,8.956009057822740260e-01,8.956050367641097409e-01,8.956091936298307132e-01,8.956175819177758513e-01,8.956260642256168580e-01,8.956432840770460757e-01,8.956785429735916182e-01,8.957235018544551508e-01,8.957684224279773844e-01
6.244654127136562316e+00,8.028616590392064767e-01,8.897748284813834507e-01,8.897778440244744624e-01,8.897808575848481505e-01,8.897868760622552609e-01,8.897928783158827182e-01,8.898048107587612776e-01,8.898282120874654311e-01,8.898560313484532580e-01,8.898813797036760898e-01
6.318555359410367167e+00,7.933365179625393449e-01,8.840003801118996307e-01,8.840023043518456802e-01,8.840042009077251350e-01,8.840079087405996461e-01,8.840114988760916503e-01,8.840183064450926054e-01,8.840302839275082647e-01,8.840417145783305841e-01,8.840484781898396704e-01
6.392456591684172906e+00,7.834752693382293076e-01,8.742459878962510755e-01,8.742463391158301622e-01,8.742466240364166197e-01,8.742469935804239034e-01,8.742470935587464131e-01,8.742464725383618518e-01,8.742418553533448655e-01,8.742294673609559696e-01,8.742092884256952301e-01
6.466357823957977757e+00,7.732779502939872707e-01,8.678889810306245067e-01,8.678884429049844584e-01,8.678878172217352471e-01,8.678863023516711905e-01,8.678844346606098270e-01,8.678796335189673528e-01,8.678657148684152389e-01,8.678400584610628243e-01,8.678049814157802189e-01
6.540259056231783497e+00,7.627458141157388294e-01,8.577351119740939112e-01,8.577333908474145119e-01,8.577315549049302490e-01,8.577275386035267957e-01,8.577230630160812552e-01,8.577127340310539694e-01,8.576865659373851258e-01,8.576435347463444714e-01,8.575890637488186030e-01
6.614160288505589236e+00,7.518814052436213480e-01,8.518911403038131880e-01,8.518888552985615092e-01,8.518864429029164853e-01,8.518812363540035903e-01,8.518755213673685489e-01,8.518625693946830779e-01,8.518306027638402611e-01,8.517793653071450422e-01,8.517157491410642933e-01
6.688061520779394975e+00,7.406886279307201004e-01,8.421190881187499144e-01,8.421161612443555100e-01,8.421130919527328729e-01,8.421065272339518515e-01,8.420993961660485638e-01,8.420834444354383663e-01,8.420448539304601354e-01,8.419843130841186962e-01,8.419104751640489326e-01
6.761962753053199826e+00,7.291728070551828367e-01,8.320433106582677540e-01,8.320401423166147170e-01,8.320368255929616597e-01,8.320297486460682679e-01,8.320220831115429094e-01,8.320050003028854890e-01,8.319639329909983561e-01,8.319000014874015081e-01,8.318226109065635088e-01
6.835863985327004677e+00,7.173407395639845863e-01,8.219675331977853716e-01,8.219641233888737020e-01,8.219605592331902244e-01,8.219529700581844622e-01,8.219447700570370330e-01,8.219265561703323897e-01,8.218830120515363546e-01,8.218156898906840979e-01,8.217347466490778629e-01
6.909765217600810416e+00,7.052007350488543880e-01,8.148701304860139771e-01,8.148668894983662758e-01,8.148634977889533948e-01,8.148562646458022973e-01,8.148484359730995275e-01,8.148310128582826328e-01,8.147892580520211814e-01,8.147246047763777588e-01,8.146468652574773150e-01
6.983666449874616156e+00,6.927626440153898946e-01,8.032897107379994850e-01,8.032867237056677823e-01,8.032835899246890676e-01,8.032768848051375921e-01,8.032696008067204962e-01,8.032533192200446148e-01,8.032140732696007035e-01,8.031530383786218419e-01,8.030795824233620817e-01
7.057567682148421895e+00,6.800378725078860542e-01,7.924991373810641448e-01,7.924967427548992305e-01,7.924942134012695760e-01,7.924887532704332216e-01,7.924827625858412716e-01,7.924692131345167923e-01,7.924360171424851274e-01,7.923836515396089908e-01,7.923200630478035578e-01
7.131468914422227634e+00,6.670393818964449606e-01,7.833913967961194658e-01,7.833894662904015149e-01,7.833874091137005280e-01,7.833829175805391287e-01,7.833779278613803854e-01,7.833664779449946991e-01,7.833378755234861046e-01,7.832920095871003241e-01,7.832357660259248178e-01
7.205370146696033373e+00,6.537816728196755856e-01,7.732709671414710328e-01,7.732699724148233145e-01,7.732688706170165460e-01,7.732663483882618038e-01,7.732634056076364004e-01,7.732562803453930655e-01,7.732372329654708665e-01,7.732049488612204868e-01,7.731640678441920045e-01
7.279271378969838224e+00,6.402807525042757408e-01,7.550108560448762773e-01,7.550112989632395966e-01,7.550116610703980768e-01,7.550121450495055342e-01,7.550123124054408663e-01,7.550117159959768287e-01,7.550069383815980473e-01,7.549946972233811948e-01,7.549760917465704324e-01
7.353172611243643964e+00,6.265540849488708819e-01,7.418325141225239339e-01,7.418340986115424807e-01,7.418356245307222707e-01,7.418385022504822013e-01,7.418411504713958715e-01,7.418457719625279889e-01,7.418524155449744972e-01,7.418561705249941962e-01,7.418553306782484924e-01
7.427073843517449703e+00,6.126205237587125652e-01,7.316903550270552614e-01,7.316932121319013049e-01,7.316960341867163597e-01,7.317015743575296938e-01,7.317069779596133694e-01,7.317173859163688121e-01,7.317366845686308352e-01,7.317582345208629713e-01,7.317775033896177783e-01
7.500975075791254554e+00,5.985002277435614859e-01,7.098069996612205168e-01,7.098115807626518281e-01,7.098161559938821474e-01,7.098252889547088662e-01,7.098343987040985903e-01,7.098525495811619512e-01,7.098885851931271418e-01,7.099331696126304214e-01,7.099771462550279466e-01
7.574876308065060293e+00,5.842145597350094643e-01,6.965467677011100145e-01,6.965522668566540565e-01,6.965577735441120799e-01,6.965688088565282765e-01,6.965798722462182013e-01,6.966020777015605736e-01,6.966467623408074683e-01,6.967030098522618564e-01,6.967594084647572572e-01
7.648777540338865144e+00,5.697859694320273061e-01,6.832865357409995122e-01,6.832929529506562849e-01,6.832993910943420124e-01,6.833123287583475758e-01,6.833253457883378124e-01,6.833516058219591960e-01,6.834049394884876838e-01,6.834728500918932914e-01,6.835416706744865678e-01
7.722678772612670883e+00,5.552378614339845697e-01,6.720318957733013576e-01,6.720386957716897314e-01,6.720455152074151783e-01,6.720592100323656837e-01,6.720729752306482396e-01,6.721006957352670952e-01,6.721567357537168164e-01,6.722273737204886856e-01,6.722965495966732874e-01
7.796580004886475734e+00,5.405944499575515705e-01,6.547137839652279467e-01,6.547212378417697209e-01,6.547287162268204952e-01,6.547437431722968881e-01,6.547588577938512344e-01,6.547893205984678389e-01,6.548509546668128678e-01,6.549285724288793631e-01,6.550062592868215461e-01
7.870481237160281474e+00,5.258806020463562270e-01,6.351026084276156780e-01,6.351105874378409899e-01,6.351185994584227501e-01,6.351347191054989016e-01,6.351509602223472939e-01,6.351837770065742461e-01,6.352505221702055005e-01,6.353352871730825191e-01,6.354197955651367247e-01
7.944382469434087213e+00,5.111216713591086869e-01,6.213236087853269973e-01,6.213310499672436427e-01,6.213384937830852550e-01,6.213533840013431009e-01,6.213682683563822584e-01,6.213979723456238835e-01,6.214567556780726809e-01,6.215278082555263373e-01,6.215918997492527742e-01
8.018283701707892064e+00,4.963433248530498831e-01,6.052272566030083567e-01,6.052339879999237837e-01,6.052406901765650105e-01,6.052540001853117246e-01,6.052671726874052638e-01,6.052930454883096445e-01,6.053424358237009528e-01,6.053981681479356780e-01,6.054449195608384571e-01
8.092184933981698691e+00,4.815713648565129179e-01,5.867832155786061321e-01,5.867887176217863043e-01,5.867941461357659705e-01,5.868047744143325417e-01,5.868150833530307864e-01,5.868346697895319153e-01,5.868691396003242744e-01,5.869014206239739906e-01,5.869228672343567155e-01
8.166086166255503542e+00,4.668315491403548512e-01,5.694285323277696875e-01,5.694324441233931111e-01,5.694362286018801456e-01,5.694434062439555078e-01,5.694500457346691746e-01,5.694616262486889013e-01,5.694773349534330009e-01,5.694807067964404723e-01,5.694540766913860352e-01
8.239987398529308393e+00,4.521494116486498016e-01,5.527824081636367737e-01,5.527846356096119962e-01,5.527866895122883761e-01,5.527902661706320941e-01,5.527931161691839179e-01,5.527965410585551354e-01,5.527935360654510077e-01,5.527686857592897240e-01,5.527159971006199157e-01
8.313888630803115021e+00,4.375500865323302402e-01,5.374798625162328092e-01,5.374801662688170056e-01,5.374802393436197701e-01,5.374796825262165845e-01,5.374781692380125042e-01,5.374721745904125214e-01,5.374475350323890677e-01,5.373902461565975841e-01,5.373030776008164144e-01
8.387789863076919872e+00,4.230581380461014840e-01,5.221773168688287337e-01,5.221756969280221261e-01,5.221737891749512750e-01,5.221690988818010748e-01,5.221632223068410905e-01,5.221478081222699075e-01,5.221015339993272386e-01,5.220118065539054442e-01,5.218901581010129131e-01
8.461691095350726499e+00,4.086973987221169113e-01,5.071490889964209714e-01,5.071455118438805698e-01,5.071415950001778583e-01,5.071327310624340612e-01,5.071224738990665060e-01,5.070976795739099430e-01,5.070301877938661050e-01,5.069101067459627075e-01,5.067174879931641840e-01
8.535592327624531350e+00,3.944908180291828437e-01,4.973294418457072652e-01,4.973239166331637762e-01,4.973179959367541869e-01,4.973049545751422329e-01,4.972902895584780936e-01,4.972559670391092368e-01,4.971664023229322993e-01,4.970119144447266990e-01,4.967971125125103526e-01
8.609493559898336201e+00,3.804603234713337390e-01,4.714568626120201889e-01,4.714487357661359401e-01,4.714401585926329408e-01,4.714216452579573224e-01,4.714013060779649322e-01,4.713550806901357082e-01,4.712399229734718920e-01,4.710512169746057798e-01,4.708583860294386914e-01
8.683394792172142829e+00,3.666266957838257290e-01,4.444937293311852500e-01,4.444850039532610708e-01,4.444758505615880040e-01,4.444562612544160629e-01,4.444349647243939216e-01,4.443872671589161882e-01,4.442716296708795198e-01,4.440946435252897118e-01,4.438466195900190314e-01
8.757296024445947680e+00,3.530094595585076545e-01,4.383483285703348997e-01,4.383380150071189973e-01,4.383272299622333890e-01,4.383042454902721374e-01,4.382793755732663499e-01,4.382239843803716894e-01,4.380906798656454271e-01,4.378823552681652131e-01,4.375420533040568216e-01
8.831197256719752531e+00,3.396267902853560838e-01,4.241170187384426526e-01,4.241064031181736027e-01,4.240953334504524719e-01,4.240718367846483261e-01,4.240465390979863969e-01,4.239905887008887930e-01,4.238576896914167946e-01,4.236499101901642916e-01,4.233321276784067777e-01
8.905098488993557382e+00,3.264954384440970081e-01,4.085385302416442155e-01,4.085261446506933680e-01,4.085132720994251176e-01,4.084860743719976317e-01,4.084569547039475501e-01,4.083930306144528122e-01,4.082431449129476086e-01,4.080179224465957377e-01,4.078285568849240317e-01
8.978999721267364009e+00,3.136306709302900120e-01,3.868654598745280282e-01,3.868534352189811898e-01,3.868409825546734737e-01,3.868148114101188639e-01,3.867869848231890728e-01,3.867265353287479002e-01,3.865878293490681017e-01,3.863854497696337376e-01,3.861936247489268226e-01
9.052900953541168860e+00,3.010462297641940399e-01,3.682784280176558123e-01,3.682728385240700009e-01,3.682670669150493459e-01,3.682550015888163553e-01,3.682422825371531871e-01,3.682151017965225037e-01,3.681554962698593836e-01,3.680618213980627051e-01,3.678064720885206307e-01
9.126802185814973711e+00,2.887543077171954020e-01,3.560679740775197222e-01,3.560653170222667918e-01,3.560625962212518036e-01,3.560569912634020118e-01,3.560512171209104793e-01,3.560394102859802956e-01,3.560166796771871978e-01,3.559936442334385442e-01,3.558538341076216138e-01
9.200703418088780339e+00,2.767655402070160475e-01,3.438575201373836876e-01,3.438577955204635828e-01,3.438581255274542059e-01,3.438589809379877238e-01,3.438601517046677714e-01,3.438637187754380875e-01,3.438778630845149564e-01,3.439254670688143278e-01,3.439011961267226525e-01
9.274604650362585190e+00,2.650890125651869100e-01,3.250379586107712271e-01,3.250448978526705446e-01,3.250521238902663868e-01,3.250674660815704442e-01,3.250840465797608658e-01,3.251211833355824865e-01,3.252135646661074020e-01,3.253976498119541816e-01,3.261113721245507691e-01
9.348505882636391817e+00,2.537322815724069591e-01,3.101512111015153894e-01,3.101629657923581362e-01,3.101752184666622947e-01,3.102012626697899234e-01,3.102294372587721116e-01,3.102925843547609253e-01,3.104492637165435776e-01,3.106701556509506301e-01,3.112476998661861671e-01
9.422407114910196668e+00,2.427014099917200185e-01,2.994545751011443713e-01,2.994712788745204080e-01,2.994886166790209359e-01,2.995252267174990379e-01,2.995644727836435095e-01,2.996511700491524266e-01,2.998591808881414522e-01,3.001196355199269306e-01,3.003541301173129341e-01
9.496308347184001519e+00,2.320010127065603722e-01,2.866033171027133619e-01,2.866255905081160904e-01,2.866486694320506956e-01,2.866972695275258332e-01,2.867491715695251742e-01,2.868631245775397076e-01,2.871333858575404463e-01,2.876069190609449322e-01,2.871903796613430870e-01
9.570209579457808147e+00,2.216343129897719033e-01,2.722825689161894047e-01,2.723107009764618169e-01,2.723398165941972593e-01,2.724010168595114578e-01,2.724662091498828431e-01,2.726087521433413485e-01,2.729469367232866261e-01,2.736310860826023372e-01,2.736029825919885639e-01
9.644110811731612998e+00,2.116032073885341647e-01,2.542687600971902384e-01,2.543054238212505425e-01,2.543433164928217138e-01,2.544227857329133258e-01,2.545071598947998837e-01,2.546905631421907401e-01,2.551105683411947211e-01,2.555080762832346863e-01,2.578920272920868229e-01
9.718012044005419625e+00,2.019083377055151951e-01,2.469903979600644450e-01,2.470227579411926055e-01,2.470561503827298222e-01,2.471260162464716248e-01,2.471999600116532858e-01,2.473598891468952732e-01,2.477165224386112530e-01,2.478659799946058284e-01,2.506581702392452482e-01
9.791913276279224476e+00,1.925491685845104606e-01,2.353264895451232519e-01,2.353603266980712760e-01,2.353951887583178859e-01,2.354679428231349902e-01,2.355446525537772118e-01,2.357094368026864117e-01,2.360892170664143919e-01,2.364150755271978710e-01,2.379108605082365102e-01
9.865814508553029327e+00,1.835240692647890914e-01,2.256451981591892086e-01,2.256825781102073936e-01,2.257210152445411899e-01,2.258009675014339412e-01,2.258848470004863884e-01,2.260633825344931236e-01,2.264590696767356803e-01,2.274197569040999067e-01,2.261434062167982650e-01
9.939715740826835955e+00,1.748303981475246849e-01,2.131212272636489047e-01,2.131497568849702873e-01,2.131789578059724022e-01,2.132392553976956151e-01,2.133018638252650589e-01,2.134326687709489079e-01,2.136580130691392299e-01,2.147652326932458777e-01,2.112332529593992092e-01
1.001361697310064081e+01,1.664645889151440128e-01,2.020011371674286238e-01,2.020244081355428989e-01,2.020480074212969157e-01,2.020960359914454330e-01,2.021449093577842859e-01,2.022441466452278291e-01,2.024623652802262086e-01,2.022079942907595296e-01,2.011217575326327278e-01
1.008751820537444743e+01,1.584222370554189685e-01,1.919898819363652365e-01,1.920000656737670397e-01,1.920103021410852762e-01,1.920308296087540612e-01,1.920512166911549912e-01,1.920940611048962410e-01,1.922405382433680643e-01,1.907858486415818788e-01,1.939472116085880771e-01
1.016141943764825051e+01,1.506981857621471910e-01,1.872962114790261978e-01,1.873028169224966177e-01,1.873092924467982812e-01,1.873217895144669853e-01,1.873336251485717696e-01,1.873538348134289322e-01,1.876107071835306783e-01,1.856135938326382018e-01,1.911609129722222633e-01
1.023532066992205536e+01,1.432866103092088894e-01,1.742657947322783230e-01,1.742613054684483131e-01,1.742564966369286594e-01,1.742460081089518553e-01,1.742345256630954964e-01,1.741996811430226444e-01,1.741934913971618926e-01,1.739911068024611041e-01,1.815001402915470408e-01
1.030922190219586199e+01,1.361811001210181116e-01,1.717296629120568241e-01,1.717182737212397114e-01,1.717062663585551263e-01,1.716805254264386349e-01,1.716527293184526570e-01,1.716040741819995219e-01,1.710924543321965530e-01,1.721695553127062794e-01,1.775658668874626755e-01
1.038312313446966684e+01,1.293747378867682318e-01,1.615015267805309518e-01,1.614798579762022068e-01,1.614573630622797018e-01,1.614101424487696668e-01,1.613609552791912261e-01,1.612656072074653557e-01,1.604457424427544465e-01,1.643076428735052164e-01,1.632654507085236351e-01
1.045702436674347346e+01,1.228601751858400537e-01,1.509284307226802790e-01,1.509040920145585940e-01,1.508790734281351964e-01,1.508276915655488160e-01,1.507774871479788115e-01,1.506252689197619399e-01,1.505783676106204894e-01,1.539506041511507217e-01,1.458823351625133935e-01
1.053092559901727832e+01,1.166297042052237276e-01,1.411305993220821620e-01,1.411023520372864937e-01,1.410731056038443398e-01,1.410116227207893758e-01,1.409395062783147523e-01,1.406802171375929333e-01,1.420765138802835281e-01,1.403653517417922103e-01,1.291797173350488492e-01
1.060482683129108494e+01,1.106753252352650485e-01,1.329945416412764703e-01,1.329624405228126138e-01,1.329281354116792213e-01,1.328511145863586762e-01,1.327603036206473630e-01,1.326912201160155291e-01,1.341043562871107042e-01,1.275018847050688464e-01,1.180969061029770728e-01
1.067872806356488979e+01,1.049888097263955988e-01,1.259755177892714073e-01,1.259469427068040659e-01,1.259153568331470296e-01,1.258368148387631891e-01,1.257369152524034916e-01,1.258372359274062546e-01,1.262026218771552522e-01,1.163625136533994464e-01,1.096811761486549130e-01
1.075262929583869465e+01,9.956175877608561264e-02,1.162120809848090630e-01,1.161843499856445305e-01,1.161595214444304247e-01,1.161368667216038375e-01,1.161851114542429286e-01,1.163365099413056214e-01,1.123640111671448949e-01,1.047432596504336288e-01,1.063508110549093999e-01
1.082653052811250127e+01,9.438565699175743839e-02,1.078000495304923950e-01,1.077626009963627146e-01,1.077266836399763394e-01,1.076726335864722495e-01,1.076241043497816463e-01,1.069031841429131657e-01,1.008738803788999522e-01,9.789367215453187443e-02,1.043720921845683464e-01
1.090043176038630612e+01,8.945192174183119738e-02,1.019072012036801311e-01,1.018748065938197556e-01,1.018332193369104743e-01,1.016815006249771614e-01,1.013249523060437696e-01,9.953762365015705882e-02,9.476609814715430957e-02,9.750466493709097904e-02,1.062045421822190860e-01
1.097433299266011275e+01,8.475194786368221711e-02,9.617489226969411220e-02,9.610003344371875755e-02,9.600124798984666086e-02,9.566689002652850604e-02,9.502198999814481795e-02,9.272033377281729827e-02,8.987435369819252173e-02,9.634338700667655075e-02,1.061792000710966022e-01
1.104823422493391760e+01,8.027714794453148783e-02,8.592117573876834058e-02,8.571150018845230534e-02,8.544542202756844063e-02,8.475978013180451853e-02,8.399719870699584590e-02,8.322735133654646233e-02,8.774423630460148615e-02,9.829798910945442003e-02,1.064303674401649857e-01
1.112213545720772245e+01,7.601898832974589293e-02,7.933807276461379843e-02,7.914600180617033243e-02,7.896120852725137251e-02,7.873796122663634378e-02,7.891741669321088171e-02,8.096812711532190565e-02,8.943124261466550706e-02,9.906792857767261762e-02,1.042140938603116213e-01
1.119603668948152730e+01,7.196902104339969464e-02,7.475554059330136170e-02,7.469316957408977942e-02,7.470135028181346115e-02,7.508758193469589060e-02,7.613070518856090985e-02,8.004385995089080552e-02,9.012253360930344570e-02,9.881295237359211114e-02,1.023542807669457488e-01
1.126993792175533216e+01,6.811891182898591190e-02,7.403801707178558900e-02,7.444199771553172695e-02,7.499514573244070448e-02,7.656203669960603975e-02,7.864727355836720335e-02,8.352331023994707948e-02,9.171683245764228332e-02,9.636122144433656445e-02,9.697422152842349874e-02
1.134383915402913878e+01,6.446046453466623694e-02,7.719300522296634881e-02,7.813679378687272969e-02,7.914379000564508715e-02,8.122158202988316589e-02,8.320220826696021754e-02,8.635543172605114615e-02,8.905374739733752654e-02,8.834730350234407115e-02,8.596600334713382086e-02
1.141774038630294363e+01,6.098564207818150951e-02,8.070695024773044679e-02,8.147245885587039993e-02,8.220899423542959994e-02,8.350581833924763941e-02,8.448513795138978821e-02,8.544314525919105563e-02,8.458442987148373504e-02,8.148030431625841175e-02,7.804398371713716642e-02
1.149164161857674848e+01,5.768658423230195453e-02,8.566041057818551963e-02,8.594600345719882739e-02,8.614160090919753543e-02,8.624968438353874944e-02,8.601103328919990076e-02,8.477438711445728359e-02,8.092618321965261430e-02,7.587552393230012626e-02,7.149018643872295797e-02
1.156554285085055511e+01,5.455562247319871438e-02,8.745712068320206367e-02,8.692325383949632556e-02,8.632313860264655137e-02,8.496872994029540382e-02,8.348122624205700504e-02,8.037345341847886016e-02,7.453128266045420947e-02,6.857886723445953681e-02,6.397992981687157521e-02
1.163944408312435996e+01,5.158529213206270586e-02,8.916125118415152428e-02,8.778185871038601817e-02,8.639290115489473010e-02,8.365056505712686885e-02,8.101992280150227543e-02,7.622304216489794726e-02,6.851158985881511398e-02,6.161858761632288406e-02,5.674008480652048547e-02
1.171334531539816659e+01,4.876834208532159626e-02,8.042755754695463111e-02,7.899800254647004749e-02,7.757347070196374261e-02,7.480797114295019423e-02,7.221461319098902709e-02,6.762381208265821897e-02,6.052160667438499786e-02,5.432547221076807625e-02,4.997191057407235348e-02
1.178724654767197144e+01,4.609774221148352918e-02,7.459800904689473100e-02,7.337160281849719468e-02,7.212260075583287744e-02,6.963036427720226129e-02,6.722350187438053126e-02,6.283255069982374152e-02,5.583929331092463144e-02,4.969887864173472281e-02,4.543669241050452001e-02
1.186114777994577629e+01,4.356668883349069932e-02,5.345914277010308663e-02,5.326931757146837615e-02,5.300860931405111665e-02,5.230104988948482830e-02,5.140626381764832470e-02,4.933253905274455342e-02,4.516260193774428167e-02,4.089478051142805132e-02,3.768490939687012264e-02
1.193504901221958292e+01,4.116860835494752513e-02,4.018788227253367040e-02,4.055036905826980842e-02,4.085373526467961369e-02,4.124981080617118323e-02,4.136288060545467715e-02,4.091725119189248971e-02,3.872784428619269192e-02,3.565953674107902316e-02,3.305687951699809446e-02
1.200895024449338777e+01,3.889715928710229392e-02,2.498334386547185204e-02,2.551547446250879148e-02,2.606418889594408483e-02,2.713749480964130004e-02,2.808209261430268458e-02,2.937644715326352338e-02,2.992438086411652876e-02,2.885363220714036100e-02,2.736002155391285481e-02
1.208285147676719440e+01,3.674623285134173689e-02,1.417069419561300947e-02,1.450714221667936954e-02,1.489582173319092817e-02,1.580517552620364086e-02,1.681967076530810346e-02,1.879721683805257726e-02,2.133928103616966609e-02,2.218469346755114202e-02,2.187513495887571935e-02
1.215675270904099925e+01,3.470995232950316312e-02,8.483461588539853437e-03,8.644370520746255324e-03,8.846001435647584885e-03,9.389594051597782709e-03,1.011686660284757087e-02,1.191028275828879580e-02,1.519355870313650846e-02,1.728540277037874870e-02,1.786643725123819235e-02
1.223065394131480410e+01,3.278267132175342186e-02,5.654192275116542987e-03,5.743920527152113209e-03,5.860987148679441816e-03,6.210979909823777234e-03,6.749000900413193449e-03,8.313665504886103008e-03,1.184482549007270791e-02,1.472758640754534554e-02,1.591097840163513411e-02
1.230455517358861073e+01,3.095897105933172536e-02,3.477567283238970890e-03,3.502343199573130800e-03,3.529676784694402158e-03,3.602830557554170809e-03,3.730116740533568395e-03,4.287678382106767730e-03,6.521809825942780255e-03,9.356483911769178027e-03,1.109777468278139168e-02
1.237845640586241558e+01,2.923365690726034000e-02,2.641437797976209367e-03,2.657833563795009013e-03,2.674196149456520288e-03,2.710277886819767446e-03,2.767151749480945000e-03,3.069874002239458832e-03,4.754885635701810997e-03,7.433037911781070761e-03,9.327887039173532457e-03
1.245235763813622221e+01,2.760175418032206202e-02,1.447513463801897160e-03,1.455148259310590220e-03,1.462540384077707810e-03,1.474551043467424048e-03,1.480240927605791512e-03,1.506179504199659956e-03,2.194284752083793585e-03,4.249778361279747500e-03,6.241748964853854886e-03
1.252625887041002528e+01,2.605850338427791180e-02,7.421277984178686893e-04,7.445025726277825070e-04,7.468770743141053912e-04,7.518716165780656071e-04,7.562045527436112025e-04,7.440788187653067610e-04,7.930974817286694191e-04,1.860126906568179391e-03,3.547242931720769911e-03
1.260016010268383191e+01,2.459935498352693040e-02,5.248136170147669208e-04,5.259891780156067398e-04,5.270653977807645543e-04,5.292722091591409725e-04,5.322785032622808768e-04,5.322969054191162286e-04,4.868403399456155967e-04,1.106774321414150108e-03,2.496851748418293937e-03
1.267406133495763676e+01,2.321996378623663454e-02,4.408489402578652516e-04,4.423072997212784685e-04,4.437886957191494730e-04,4.470239931322339544e-04,4.511500758610509365e-04,4.616929163034910744e-04,4.550594903207638708e-04,8.271917454578670004e-04,1.864288006856895663e-03
1.274796256723144161e+01,2.191618302842862978e-02,2.355908391251659850e-04,2.362001182376616271e-04,2.367251280048776607e-04,2.374446472686031484e-04,2.376998357789261718e-04,2.408351794684904235e-04,2.376578590741473818e-04,2.733210519210160783e-04,8.656851147890165521e-04
1.282186379950524824e+01,2.068405822960427479e-02,1.748394311624162467e-04,1.753194363697151625e-04,1.757604185131226876e-04,1.765089515763727096e-04,1.770456687443749499e-04,1.782125192345450837e-04,1.938805388771346538e-04,2.161368192255188486e-04,5.522456605872735035e-04
1.289576503177905309e+01,1.951982088424025763e-02,9.373115697286493742e-05,9.412777767181523814e-05,9.451792749359810841e-05,9.527463321745699432e-05,9.599660656789410496e-05,9.696471511944082522e-05,1.112412630419612469e-04,1.400044120956067673e-04,2.379097129647789188e-04
1.296966626405285972e+01,1.841988204586620520e-02,8.091455586622942064e-05,8.118832889181248902e-05,8.144934204779019637e-05,8.192558641439973144e-05,8.232305049205024261e-05,8.263410785502856015e-05,8.645690073194600700e-05,1.126233379693530878e-04,2.062811709606648947e-04
1.304356749632666457e+01,1.738082585344042155e-02,4.899948154957201041e-05,4.926299126140065709e-05,4.952976561156674506e-05,5.007268612544635289e-05,5.062679296941041684e-05,5.179128238808061724e-05,5.446560486177531857e-05,1.039249226479910249e-04,1.491213878139774351e-04
1.311746872860046942e+01,1.639940304334223942e-02,2.760697220575518068e-05,2.777190821727041831e-05,2.794068601967107307e-05,2.828969863344354962e-05,2.865354661215254245e-05,2.943477077603044373e-05,3.037000213150046685e-05,6.105729846694885055e-05,1.218241849253824254e-04
1.319136996087427605e+01,1.547252448447530501e-02,1.354777981532606645e-05,1.364592489494498295e-05,1.374749268734376528e-05,1.396140183373972832e-05,1.419078071762669424e-05,1.469999790515430504e-05,1.629848088668950368e-05,2.921067317629422178e-05,1.011758464528611512e-04
1.326527119314808090e+01,1.459725476869444018e-02,1.018928893756765353e-05,1.026501629155518424e-05,1.034343136439019906e-05,1.050864088654179863e-05,1.068564993431664368e-05,1.107897564054383144e-05,1.236989034509861153e-05,2.012048828703427716e-05,8.387700639786999633e-05
